Workbook
Name KeyCustom2Label: Enero!$U$4
Name MonthName: Febrero!$B$2
Name MonthName: Noviembre!$B$2
Name KeyPersonal: Enero!$G$4
Name KeyCustom1Label: Enero!$P$4
Name MonthName: Junio!$B$2
Name MonthName: Septiembre!$B$2
Name MonthName: Abril!$B$2
Name MonthName: Mayo!$B$4
Name Employee_Absence_Title: Enero!$B$1
Name MonthName: Diciembre!$B$2
Name MonthName: Julio!$B$2
Name Key_name: Enero!$B$4
Name KeyVacationLabel: Enero!$D$4
Name MonthName: Enero!$B$2
Name CalendarYear: Enero!$AH$6
Name KeySick: Enero!$K$4
Name KeyVacation: Enero!$C$4
Name MonthName: Marzo!$B$2
Name MonthName: Octubre!$B$2
Name KeySickLabel: Enero!$L$4
Name KeyCustom2: Enero!$T$4
Name KeyPersonalLabel: Enero!$H$4
Name KeyCustom1: Enero!$O$4
Name MonthName: Agosto!$B$2

Sheet Integrantes del equipo
B1: Equipo de ClinicalMind
B3: Nombre de los integrantes del equipo
B4: Alan Martin Bracamonte Dzib
B5: Angel Jafet Puc Uch
B6: Ingrid Abigail Can Catzin
B7: Alejandro Emmanuel Quintal Moo
B8: Maximiliano Montoya De La Cruz

Sheet Enero
B1: Cronograma de manejo de sprints
B2: Enero
B4: Claves | C4: F | D4: Fin de semana | G4: P | H4: Pausa | L4: Personalizado | P4: Personalizado | U4: Personalizado
C6: Horas trabajadas por dia de los sprints | AH6: 2025
C7: =TEXT(WEEKDAY(DATE(CalendarYear,1,1),1),"ddd") -> Wed | D7: =TEXT(WEEKDAY(DATE(CalendarYear,1,2),1),"ddd") -> Thu | E7: =TEXT(WEEKDAY(DATE(CalendarYear,1,3),1),"ddd") -> Fri | F7: =TEXT(WEEKDAY(DATE(CalendarYear,1,4),1),"ddd") -> Sat | G7: =TEXT(WEEKDAY(DATE(CalendarYear,1,5),1),"ddd") -> Sun | H7: =TEXT(WEEKDAY(DATE(CalendarYear,1,6),1),"ddd") -> Mon | I7: =TEXT(WEEKDAY(DATE(CalendarYear,1,7),1),"ddd") -> Tue | J7: =TEXT(WEEKDAY(DATE(CalendarYear,1,8),1),"ddd") -> Wed | K7: =TEXT(WEEKDAY(DATE(CalendarYear,1,9),1),"ddd") -> Thu | L7: =TEXT(WEEKDAY(DATE(CalendarYear,1,10),1),"ddd") -> Fri | M7: =TEXT(WEEKDAY(DATE(CalendarYear,1,11),1),"ddd") -> Sat | N7: =TEXT(WEEKDAY(DATE(CalendarYear,1,12),1),"ddd") -> Sun | O7: =TEXT(WEEKDAY(DATE(CalendarYear,1,13),1),"ddd") -> Mon | P7: =TEXT(WEEKDAY(DATE(CalendarYear,1,14),1),"ddd") -> Tue | Q7: =TEXT(WEEKDAY(DATE(CalendarYear,1,15),1),"ddd") -> Wed | R7: =TEXT(WEEKDAY(DATE(CalendarYear,1,16),1),"ddd") -> Thu | S7: =TEXT(WEEKDAY(DATE(CalendarYear,1,17),1),"ddd") -> Fri | T7: =TEXT(WEEKDAY(DATE(CalendarYear,1,18),1),"ddd") -> Sat | U7: =TEXT(WEEKDAY(DATE(CalendarYear,1,19),1),"ddd") -> Sun | V7: =TEXT(WEEKDAY(DATE(CalendarYear,1,20),1),"ddd") -> Mon | W7: =TEXT(WEEKDAY(DATE(CalendarYear,1,21),1),"ddd") -> Tue | X7: =TEXT(WEEKDAY(DATE(CalendarYear,1,22),1),"ddd") -> Wed | Y7: =TEXT(WEEKDAY(DATE(CalendarYear,1,23),1),"ddd") -> Thu | Z7: =TEXT(WEEKDAY(DATE(CalendarYear,1,24),1),"ddd") -> Fri | AA7: =TEXT(WEEKDAY(DATE(CalendarYear,1,25),1),"ddd") -> Sat | AB7: =TEXT(WEEKDAY(DATE(CalendarYear,1,26),1),"ddd") -> Sun | AC7: =TEXT(WEEKDAY(DATE(CalendarYear,1,27),1),"ddd") -> Mon | AD7: =TEXT(WEEKDAY(DATE(CalendarYear,1,28),1),"ddd") -> Tue | AE7: =TEXT(WEEKDAY(DATE(CalendarYear,1,29),1),"ddd") -> Wed | AF7: =TEXT(WEEKDAY(DATE(CalendarYear,1,30),1),"ddd") -> Thu | AG7: =TEXT(WEEKDAY(DATE(CalendarYear,1,31),1),"ddd") -> Fri
B8: Nombre de los integrantes | C8: 1 | D8: 2 | E8: 3 | F8: 4 | G8: 5 | H8: 6 | I8: 7 | J8: 8 | K8: 9 | L8: 10 | M8: 11 | N8: 12 | O8: 13 | P8: 14 | Q8: 15 | R8: 16 | S8: 17 | T8: 18 | U8: 19 | V8: 20 | W8: 21 | X8: 22 | Y8: 23 | Z8: 24 | AA8: 25 | AB8: 26 | AC8: 27 | AD8: 28 | AE8: 29 | AF8: 30 | AG8: 31 | AH8: Total de días
B9: Alan Martin Bracamonte Dzib | F9: F | G9: F | M9: F | N9: F | T9: F | U9: F | AA9: F | AB9: F | AH9: =COUNTA(Enero!$C9:$AG9) -> 8
B10: Angel Jafet Puc Uch | F10: F | G10: F | M10: F | N10: F | T10: F | U10: F | AA10: F | AB10: F | AH10: =COUNTA(Enero!$C10:$AG10) -> 8
B11: Ingrid Abigail Can Catzin | F11: F | G11: F | M11: F | N11: F | T11: F | U11: F | AA11: F | AB11: F | AH11: =COUNTA(Enero!$C11:$AG11) -> 8
B12: Alejandro Emmanuel Quintal Moo | F12: F | G12: F | M12: F | N12: F | T12: F | U12: F | AA12: F | AB12: F | AH12: =COUNTA(Enero!$C12:$AG12) -> 8
B13: Maximiliano Montoya De La Cruz | F13: F | G13: F | M13: F | N13: F | T13: F | U13: F | AA13: F | AB13: F | AH13: =COUNTA(Enero!$C13:$AG13) -> 8
B14: Numero de sprint | AH14: =SUBTOTAL(109,Enero[Total de días]) -> #ERROR!

Sheet Febrero
B1: Cronograma de manejo de sprints
B2: Febrero
B4: Claves | C4: F | D4: Fin de semana | G4: P | H4: Pausa | L4: Personalizado | P4: Personalizado | U4: Personalizado
C6: Horas trabajadas por dia de los sprints | AH6: =CalendarYear -> 2025
C7: =TEXT(WEEKDAY(DATE(CalendarYear,2,1),1),"ddd") -> Sat | D7: =TEXT(WEEKDAY(DATE(CalendarYear,2,2),1),"ddd") -> Sun | E7: =TEXT(WEEKDAY(DATE(CalendarYear,2,3),1),"ddd") -> Mon | F7: =TEXT(WEEKDAY(DATE(CalendarYear,2,4),1),"ddd") -> Tue | G7: =TEXT(WEEKDAY(DATE(CalendarYear,2,5),1),"ddd") -> Wed | H7: =TEXT(WEEKDAY(DATE(CalendarYear,2,6),1),"ddd") -> Thu | I7: =TEXT(WEEKDAY(DATE(CalendarYear,2,7),1),"ddd") -> Fri | J7: =TEXT(WEEKDAY(DATE(CalendarYear,2,8),1),"ddd") -> Sat | K7: =TEXT(WEEKDAY(DATE(CalendarYear,2,9),1),"ddd") -> Sun | L7: =TEXT(WEEKDAY(DATE(CalendarYear,2,10),1),"ddd") -> Mon | M7: =TEXT(WEEKDAY(DATE(CalendarYear,2,11),1),"ddd") -> Tue | N7: =TEXT(WEEKDAY(DATE(CalendarYear,2,12),1),"ddd") -> Wed | O7: =TEXT(WEEKDAY(DATE(CalendarYear,2,13),1),"ddd") -> Thu | P7: =TEXT(WEEKDAY(DATE(CalendarYear,2,14),1),"ddd") -> Fri | Q7: =TEXT(WEEKDAY(DATE(CalendarYear,2,15),1),"ddd") -> Sat | R7: =TEXT(WEEKDAY(DATE(CalendarYear,2,16),1),"ddd") -> Sun | S7: =TEXT(WEEKDAY(DATE(CalendarYear,2,17),1),"ddd") -> Mon | T7: =TEXT(WEEKDAY(DATE(CalendarYear,2,18),1),"ddd") -> Tue | U7: =TEXT(WEEKDAY(DATE(CalendarYear,2,19),1),"ddd") -> Wed | V7: =TEXT(WEEKDAY(DATE(CalendarYear,2,20),1),"ddd") -> Thu | W7: =TEXT(WEEKDAY(DATE(CalendarYear,2,21),1),"ddd") -> Fri | X7: =TEXT(WEEKDAY(DATE(CalendarYear,2,22),1),"ddd") -> Sat | Y7: =TEXT(WEEKDAY(DATE(CalendarYear,2,23),1),"ddd") -> Sun | Z7: =TEXT(WEEKDAY(DATE(CalendarYear,2,24),1),"ddd") -> Mon | AA7: =TEXT(WEEKDAY(DATE(CalendarYear,2,25),1),"ddd") -> Tue | AB7: =TEXT(WEEKDAY(DATE(CalendarYear,2,26),1),"ddd") -> Wed | AC7: =TEXT(WEEKDAY(DATE(CalendarYear,2,27),1),"ddd") -> Thu | AD7: =TEXT(WEEKDAY(DATE(CalendarYear,2,28),1),"ddd") -> Fri | AE7: =TEXT(WEEKDAY(DATE(CalendarYear,2,29),1),"ddd") -> Sat
B8: Nombre de los integrantes | C8: 1 | D8: 2 | E8: 3 | F8: 4 | G8: 5 | H8: 6 | I8: 7 | J8: 8 | K8: 9 | L8: 10 | M8: 11 | N8: 12 | O8: 13 | P8: 14 | Q8: 15 | R8: 16 | S8: 17 | T8: 18 | U8: 19 | V8: 20 | W8: 21 | X8: 22 | Y8: 23 | Z8: 24 | AA8: 25 | AB8: 26 | AC8: 27 | AD8: 28 | AE8: 29 | AH8: Total de días
B9: Alan Martin Bracamonte Dzib | C9: F | D9: F | J9: F | K9: F | Q9: F | R9: F | X9: F | Y9: F | AH9: =COUNTA(Febrero[[#This Row],[1]:[29]]) -> #ERROR!
B10: Angel Jafet Puc Uch | C10: F | D10: F | J10: F | K10: F | Q10: F | R10: F | X10: F | Y10: F | AH10: =COUNTA(Febrero[[#This Row],[1]:[29]]) -> #ERROR!
B11: Ingrid Abigail Can Catzin | C11: F | D11: F | J11: F | K11: F | Q11: F | R11: F | X11: F | Y11: F | AH11: =COUNTA(Febrero[[#This Row],[1]:[29]]) -> #ERROR!
B12: Alejandro Emmanuel Quintal Moo | C12: F | D12: F | J12: F | K12: F | Q12: F | R12: F | X12: F | Y12: F | AH12: =COUNTA(Febrero[[#This Row],[1]:[29]]) -> #ERROR!
B13: Maximiliano Montoya De La Cruz | C13: F | D13: F | J13: F | K13: F | Q13: F | R13: F | X13: F | Y13: F | AH13: =COUNTA(Febrero[[#This Row],[1]:[29]]) -> #ERROR!
B14: Numero de sprint | AH14: =SUBTOTAL(109,Febrero[Total de días]) -> #ERROR!

Sheet Marzo
B1: Cronograma de manejo de sprints
B2: Marzo
B4: Claves | C4: F | D4: Fin de semana | G4: P | H4: Pausa | L4: Personalizado | P4: Personalizado | U4: Personalizado
C6: Horas trabajadas por dia de los sprints | AH6: =CalendarYear -> 2025
C7: =TEXT(WEEKDAY(DATE(CalendarYear,3,1),1),"ddd") -> Sat | D7: =TEXT(WEEKDAY(DATE(CalendarYear,3,2),1),"ddd") -> Sun | E7: =TEXT(WEEKDAY(DATE(CalendarYear,3,3),1),"ddd") -> Mon | F7: =TEXT(WEEKDAY(DATE(CalendarYear,3,4),1),"ddd") -> Tue | G7: =TEXT(WEEKDAY(DATE(CalendarYear,3,5),1),"ddd") -> Wed | H7: =TEXT(WEEKDAY(DATE(CalendarYear,3,6),1),"ddd") -> Thu | I7: =TEXT(WEEKDAY(DATE(CalendarYear,3,7),1),"ddd") -> Fri | J7: =TEXT(WEEKDAY(DATE(CalendarYear,3,8),1),"ddd") -> Sat | K7: =TEXT(WEEKDAY(DATE(CalendarYear,3,9),1),"ddd") -> Sun | L7: =TEXT(WEEKDAY(DATE(CalendarYear,3,10),1),"ddd") -> Mon | M7: =TEXT(WEEKDAY(DATE(CalendarYear,3,11),1),"ddd") -> Tue | N7: =TEXT(WEEKDAY(DATE(CalendarYear,3,12),1),"ddd") -> Wed | O7: =TEXT(WEEKDAY(DATE(CalendarYear,3,13),1),"ddd") -> Thu | P7: =TEXT(WEEKDAY(DATE(CalendarYear,3,14),1),"ddd") -> Fri | Q7: =TEXT(WEEKDAY(DATE(CalendarYear,3,15),1),"ddd") -> Sat | R7: =TEXT(WEEKDAY(DATE(CalendarYear,3,16),1),"ddd") -> Sun | S7: =TEXT(WEEKDAY(DATE(CalendarYear,3,17),1),"ddd") -> Mon | T7: =TEXT(WEEKDAY(DATE(CalendarYear,3,18),1),"ddd") -> Tue | U7: =TEXT(WEEKDAY(DATE(CalendarYear,3,19),1),"ddd") -> Wed | V7: =TEXT(WEEKDAY(DATE(CalendarYear,3,20),1),"ddd") -> Thu | W7: =TEXT(WEEKDAY(DATE(CalendarYear,3,21),1),"ddd") -> Fri | X7: =TEXT(WEEKDAY(DATE(CalendarYear,3,22),1),"ddd") -> Sat | Y7: =TEXT(WEEKDAY(DATE(CalendarYear,3,23),1),"ddd") -> Sun | Z7: =TEXT(WEEKDAY(DATE(CalendarYear,3,24),1),"ddd") -> Mon | AA7: =TEXT(WEEKDAY(DATE(CalendarYear,3,25),1),"ddd") -> Tue | AB7: =TEXT(WEEKDAY(DATE(CalendarYear,3,26),1),"ddd") -> Wed | AC7: =TEXT(WEEKDAY(DATE(CalendarYear,3,27),1),"ddd") -> Thu | AD7: =TEXT(WEEKDAY(DATE(CalendarYear,3,28),1),"ddd") -> Fri | AE7: =TEXT(WEEKDAY(DATE(CalendarYear,3,29),1),"ddd") -> Sat | AF7: =TEXT(WEEKDAY(DATE(CalendarYear,3,30),1),"ddd") -> Sun | AG7: =TEXT(WEEKDAY(DATE(CalendarYear,3,31),1),"ddd") -> Mon
B8: Nombre de los integrantes | C8: 1 | D8: 2 | E8: 3 | F8: 4 | G8: 5 | H8: 6 | I8: 7 | J8: 8 | K8: 9 | L8: 10 | M8: 11 | N8: 12 | O8: 13 | P8: 14 | Q8: 15 | R8: 16 | S8: 17 | T8: 18 | U8: 19 | V8: 20 | W8: 21 | X8: 22 | Y8: 23 | Z8: 24 | AA8: 25 | AB8: 26 | AC8: 27 | AD8: 28 | AE8: 29 | AF8: 30 | AG8: 31 | AH8: Total de días
B9: Alan Martin Bracamonte Dzib | C9: F | D9: F | J9: F | K9: F | Q9: F | R9: F | X9: F | Y9: F | AE9: F | AF9: F | AH9: =COUNTA(Marzo[[#This Row],[1]:[31]]) -> #ERROR!
B10: Angel Jafet Puc Uch | C10: F | D10: F | J10: F | K10: F | Q10: F | R10: F | X10: F | Y10: F | AE10: F | AF10: F | AH10: =COUNTA(Marzo[[#This Row],[1]:[31]]) -> #ERROR!
B11: Ingrid Abigail Can Catzin | C11: F | D11: F | J11: F | K11: F | Q11: F | R11: F | X11: F | Y11: F | AE11: F | AF11: F | AH11: =COUNTA(Marzo[[#This Row],[1]:[31]]) -> #ERROR!
B12: Alejandro Emmanuel Quintal Moo | C12: F | D12: F | J12: F | K12: F | Q12: F | R12: F | X12: F | Y12: F | AE12: F | AF12: F | AH12: =COUNTA(Marzo[[#This Row],[1]:[31]]) -> #ERROR!
B13: Maximiliano Montoya De La Cruz | C13: F | D13: F | J13: F | K13: F | Q13: F | R13: F | X13: F | Y13: F | AE13: F | AF13: F | AH13: =COUNTA(Marzo[[#This Row],[1]:[31]]) -> #ERROR!
B14: Numero de sprint | AH14: =SUBTOTAL(109,Marzo[Total de días]) -> #ERROR!

Sheet Abril
B1: Cronograma de manejo de sprints
B2: Abril
B4: Claves | C4: F | D4: Fin de semana | G4: P | H4: Pausa | L4: Personalizado | P4: Personalizado | U4: Personalizado
C6: Horas trabajadas por dia de los sprints | AH6: =CalendarYear -> 2025
C7: =TEXT(WEEKDAY(DATE(CalendarYear,4,1),1),"ddd") -> Tue | D7: =TEXT(WEEKDAY(DATE(CalendarYear,4,2),1),"ddd") -> Wed | E7: =TEXT(WEEKDAY(DATE(CalendarYear,4,3),1),"ddd") -> Thu | F7: =TEXT(WEEKDAY(DATE(CalendarYear,4,4),1),"ddd") -> Fri | G7: =TEXT(WEEKDAY(DATE(CalendarYear,4,5),1),"ddd") -> Sat | H7: =TEXT(WEEKDAY(DATE(CalendarYear,4,6),1),"ddd") -> Sun | I7: =TEXT(WEEKDAY(DATE(CalendarYear,4,7),1),"ddd") -> Mon | J7: =TEXT(WEEKDAY(DATE(CalendarYear,4,8),1),"ddd") -> Tue | K7: =TEXT(WEEKDAY(DATE(CalendarYear,4,9),1),"ddd") -> Wed | L7: =TEXT(WEEKDAY(DATE(CalendarYear,4,10),1),"ddd") -> Thu | M7: =TEXT(WEEKDAY(DATE(CalendarYear,4,11),1),"ddd") -> Fri | N7: =TEXT(WEEKDAY(DATE(CalendarYear,4,12),1),"ddd") -> Sat | O7: =TEXT(WEEKDAY(DATE(CalendarYear,4,13),1),"ddd") -> Sun | P7: =TEXT(WEEKDAY(DATE(CalendarYear,4,14),1),"ddd") -> Mon | Q7: =TEXT(WEEKDAY(DATE(CalendarYear,4,15),1),"ddd") -> Tue | R7: =TEXT(WEEKDAY(DATE(CalendarYear,4,16),1),"ddd") -> Wed | S7: =TEXT(WEEKDAY(DATE(CalendarYear,4,17),1),"ddd") -> Thu | T7: =TEXT(WEEKDAY(DATE(CalendarYear,4,18),1),"ddd") -> Fri | U7: =TEXT(WEEKDAY(DATE(CalendarYear,4,19),1),"ddd") -> Sat | V7: =TEXT(WEEKDAY(DATE(CalendarYear,4,20),1),"ddd") -> Sun | W7: =TEXT(WEEKDAY(DATE(CalendarYear,4,21),1),"ddd") -> Mon | X7: =TEXT(WEEKDAY(DATE(CalendarYear,4,22),1),"ddd") -> Tue | Y7: =TEXT(WEEKDAY(DATE(CalendarYear,4,23),1),"ddd") -> Wed | Z7: =TEXT(WEEKDAY(DATE(CalendarYear,4,24),1),"ddd") -> Thu | AA7: =TEXT(WEEKDAY(DATE(CalendarYear,4,25),1),"ddd") -> Fri | AB7: =TEXT(WEEKDAY(DATE(CalendarYear,4,26),1),"ddd") -> Sat | AC7: =TEXT(WEEKDAY(DATE(CalendarYear,4,27),1),"ddd") -> Sun | AD7: =TEXT(WEEKDAY(DATE(CalendarYear,4,28),1),"ddd") -> Mon | AE7: =TEXT(WEEKDAY(DATE(CalendarYear,4,29),1),"ddd") -> Tue | AF7: =TEXT(WEEKDAY(DATE(CalendarYear,4,30),1),"ddd") -> Wed
B8: Nombre de los integrantes | C8: 1 | D8: 2 | E8: 3 | F8: 4 | G8: 5 | H8: 6 | I8: 7 | J8: 8 | K8: 9 | L8: 10 | M8: 11 | N8: 12 | O8: 13 | P8: 14 | Q8: 15 | R8: 16 | S8: 17 | T8: 18 | U8: 19 | V8: 20 | W8: 21 | X8: 22 | Y8: 23 | Z8: 24 | AA8: 25 | AB8: 26 | AC8: 27 | AD8: 28 | AE8: 29 | AF8: 30 | AH8: Total de días
B9: Alan Martin Bracamonte Dzib | G9: F | H9: F | N9: F | O9: F | U9: F | V9: F | AB9: F | AC9: F | AH9: =COUNTA(March5[[#This Row],[1]:[ ]]) -> #ERROR!
B10: Angel Jafet Puc Uch | G10: F | H10: F | N10: F | O10: F | U10: F | V10: F | AB10: F | AC10: F | AH10: =COUNTA(March5[[#This Row],[1]:[ ]]) -> #ERROR!
B11: Ingrid Abigail Can Catzin | G11: F | H11: F | N11: F | O11: F | U11: F | V11: F | AB11: F | AC11: F | AH11: =COUNTA(March5[[#This Row],[1]:[ ]]) -> #ERROR!
B12: Alejandro Emmanuel Quintal Moo | G12: F | H12: F | N12: F | O12: F | U12: F | V12: F | AB12: F | AC12: F | AH12: =COUNTA(March5[[#This Row],[1]:[ ]]) -> #ERROR!
B13: Maximiliano Montoya De La Cruz | G13: F | H13: F | N13: F | O13: F | U13: F | V13: F | AB13: F | AC13: F | AH13: =COUNTA(March5[[#This Row],[1]:[ ]]) -> #ERROR!
B14: Numero de sprint | AH14: =SUBTOTAL(109,March5[Total de días]) -> #ERROR!

Sheet Mayo
B1: Cronograma de manejo de sprints
B2: Mayo
B4: Claves | C4: F | D4: Fin de semana | G4: P | H4: Pausa | L4: Personalizado | P4: Personalizado | U4: Personalizado
C6: Horas trabajadas por dia de los sprints | AH6: =CalendarYear -> 2025
C7: =TEXT(WEEKDAY(DATE(CalendarYear,5,1),1),"ddd") -> Thu | D7: =TEXT(WEEKDAY(DATE(CalendarYear,5,2),1),"ddd") -> Fri | E7: =TEXT(WEEKDAY(DATE(CalendarYear,5,3),1),"ddd") -> Sat | F7: =TEXT(WEEKDAY(DATE(CalendarYear,5,4),1),"ddd") -> Sun | G7: =TEXT(WEEKDAY(DATE(CalendarYear,5,5),1),"ddd") -> Mon | H7: =TEXT(WEEKDAY(DATE(CalendarYear,5,6),1),"ddd") -> Tue | I7: =TEXT(WEEKDAY(DATE(CalendarYear,5,7),1),"ddd") -> Wed | J7: =TEXT(WEEKDAY(DATE(CalendarYear,5,8),1),"ddd") -> Thu | K7: =TEXT(WEEKDAY(DATE(CalendarYear,5,9),1),"ddd") -> Fri | L7: =TEXT(WEEKDAY(DATE(CalendarYear,5,10),1),"ddd") -> Sat | M7: =TEXT(WEEKDAY(DATE(CalendarYear,5,11),1),"ddd") -> Sun | N7: =TEXT(WEEKDAY(DATE(CalendarYear,5,12),1),"ddd") -> Mon | O7: =TEXT(WEEKDAY(DATE(CalendarYear,5,13),1),"ddd") -> Tue | P7: =TEXT(WEEKDAY(DATE(CalendarYear,5,14),1),"ddd") -> Wed | Q7: =TEXT(WEEKDAY(DATE(CalendarYear,5,15),1),"ddd") -> Thu | R7: =TEXT(WEEKDAY(DATE(CalendarYear,5,16),1),"ddd") -> Fri | S7: =TEXT(WEEKDAY(DATE(CalendarYear,5,17),1),"ddd") -> Sat | T7: =TEXT(WEEKDAY(DATE(CalendarYear,5,18),1),"ddd") -> Sun | U7: =TEXT(WEEKDAY(DATE(CalendarYear,5,19),1),"ddd") -> Mon | V7: =TEXT(WEEKDAY(DATE(CalendarYear,5,20),1),"ddd") -> Tue | W7: =TEXT(WEEKDAY(DATE(CalendarYear,5,21),1),"ddd") -> Wed | X7: =TEXT(WEEKDAY(DATE(CalendarYear,5,22),1),"ddd") -> Thu | Y7: =TEXT(WEEKDAY(DATE(CalendarYear,5,23),1),"ddd") -> Fri | Z7: =TEXT(WEEKDAY(DATE(CalendarYear,5,24),1),"ddd") -> Sat | AA7: =TEXT(WEEKDAY(DATE(CalendarYear,5,25),1),"ddd") -> Sun | AB7: =TEXT(WEEKDAY(DATE(CalendarYear,5,26),1),"ddd") -> Mon | AC7: =TEXT(WEEKDAY(DATE(CalendarYear,5,27),1),"ddd") -> Tue | AD7: =TEXT(WEEKDAY(DATE(CalendarYear,5,28),1),"ddd") -> Wed | AE7: =TEXT(WEEKDAY(DATE(CalendarYear,5,29),1),"ddd") -> Thu | AF7: =TEXT(WEEKDAY(DATE(CalendarYear,5,30),1),"ddd") -> Fri | AG7: =TEXT(WEEKDAY(DATE(CalendarYear,5,31),1),"ddd") -> Sat
B8: Nombre de los integrantes | C8: 1 | D8: 2 | E8: 3 | F8: 4 | G8: 5 | H8: 6 | I8: 7 | J8: 8 | K8: 9 | L8: 10 | M8: 11 | N8: 12 | O8: 13 | P8: 14 | Q8: 15 | R8: 16 | S8: 17 | T8: 18 | U8: 19 | V8: 20 | W8: 21 | X8: 22 | Y8: 23 | Z8: 24 | AA8: 25 | AB8: 26 | AC8: 27 | AD8: 28 | AE8: 29 | AF8: 30 | AG8: 31 | AH8: Total de días
B9: Alan Martin Bracamonte Dzib | E9: F | F9: F | L9: F | M9: F | S9: F | T9: F | Z9: F | AA9: F | AH9: =COUNTA(March58[[#This Row],[1]:[31]]) -> #ERROR!
B10: Angel Jafet Puc Uch | E10: F | F10: F | L10: F | M10: F | S10: F | T10: F | Z10: F | AA10: F | AH10: =COUNTA(March58[[#This Row],[1]:[31]]) -> #ERROR!
B11: Ingrid Abigail Can Catzin | E11: F | F11: F | L11: F | M11: F | S11: F | T11: F | Z11: F | AA11: F | AH11: =COUNTA(March58[[#This Row],[1]:[31]]) -> #ERROR!
B12: Alejandro Emmanuel Quintal Moo | E12: F | F12: F | L12: F | M12: F | S12: F | T12: F | Z12: F | AA12: F | AH12: =COUNTA(March58[[#This Row],[1]:[31]]) -> #ERROR!
B13: Maximiliano Montoya De La Cruz | E13: F | F13: F | L13: F | M13: F | S13: F | T13: F | Z13: F | AA13: F | AH13: =COUNTA(March58[[#This Row],[1]:[31]]) -> #ERROR!
B14: Numero de sprint | AH14: =SUBTOTAL(109,March58[Total de días]) -> #ERROR!

Sheet Junio
B1: Cronograma de manejo de sprints
B2: Junio
B4: Claves | C4: F | D4: Fin de semana | G4: P | H4: Pausa | L4: Personalizado | P4: Personalizado | U4: Personalizado
C6: Horas trabajadas por dia de los sprints | AH6: =CalendarYear -> 2025
C7: =TEXT(WEEKDAY(DATE(CalendarYear,6,1),1),"ddd") -> Sun | D7: =TEXT(WEEKDAY(DATE(CalendarYear,6,2),1),"ddd") -> Mon | E7: =TEXT(WEEKDAY(DATE(CalendarYear,6,3),1),"ddd") -> Tue | F7: =TEXT(WEEKDAY(DATE(CalendarYear,6,4),1),"ddd") -> Wed | G7: =TEXT(WEEKDAY(DATE(CalendarYear,6,5),1),"ddd") -> Thu | H7: =TEXT(WEEKDAY(DATE(CalendarYear,6,6),1),"ddd") -> Fri | I7: =TEXT(WEEKDAY(DATE(CalendarYear,6,7),1),"ddd") -> Sat | J7: =TEXT(WEEKDAY(DATE(CalendarYear,6,8),1),"ddd") -> Sun | K7: =TEXT(WEEKDAY(DATE(CalendarYear,6,9),1),"ddd") -> Mon | L7: =TEXT(WEEKDAY(DATE(CalendarYear,6,10),1),"ddd") -> Tue | M7: =TEXT(WEEKDAY(DATE(CalendarYear,6,11),1),"ddd") -> Wed | N7: =TEXT(WEEKDAY(DATE(CalendarYear,6,12),1),"ddd") -> Thu | O7: =TEXT(WEEKDAY(DATE(CalendarYear,6,13),1),"ddd") -> Fri | P7: =TEXT(WEEKDAY(DATE(CalendarYear,6,14),1),"ddd") -> Sat | Q7: =TEXT(WEEKDAY(DATE(CalendarYear,6,15),1),"ddd") -> Sun | R7: =TEXT(WEEKDAY(DATE(CalendarYear,6,16),1),"ddd") -> Mon | S7: =TEXT(WEEKDAY(DATE(CalendarYear,6,17),1),"ddd") -> Tue | T7: =TEXT(WEEKDAY(DATE(CalendarYear,6,18),1),"ddd") -> Wed | U7: =TEXT(WEEKDAY(DATE(CalendarYear,6,19),1),"ddd") -> Thu | V7: =TEXT(WEEKDAY(DATE(CalendarYear,6,20),1),"ddd") -> Fri | W7: =TEXT(WEEKDAY(DATE(CalendarYear,6,21),1),"ddd") -> Sat | X7: =TEXT(WEEKDAY(DATE(CalendarYear,6,22),1),"ddd") -> Sun | Y7: =TEXT(WEEKDAY(DATE(CalendarYear,6,23),1),"ddd") -> Mon | Z7: =TEXT(WEEKDAY(DATE(CalendarYear,6,24),1),"ddd") -> Tue | AA7: =TEXT(WEEKDAY(DATE(CalendarYear,6,25),1),"ddd") -> Wed | AB7: =TEXT(WEEKDAY(DATE(CalendarYear,6,26),1),"ddd") -> Thu | AC7: =TEXT(WEEKDAY(DATE(CalendarYear,6,27),1),"ddd") -> Fri | AD7: =TEXT(WEEKDAY(DATE(CalendarYear,6,28),1),"ddd") -> Sat | AE7: =TEXT(WEEKDAY(DATE(CalendarYear,6,29),1),"ddd") -> Sun | AF7: =TEXT(WEEKDAY(DATE(CalendarYear,6,30),1),"ddd") -> Mon
B8: Nombre de los integrantes | C8: 1 | D8: 2 | E8: 3 | F8: 4 | G8: 5 | H8: 6 | I8: 7 | J8: 8 | K8: 9 | L8: 10 | M8: 11 | N8: 12 | O8: 13 | P8: 14 | Q8: 15 | R8: 16 | S8: 17 | T8: 18 | U8: 19 | V8: 20 | W8: 21 | X8: 22 | Y8: 23 | Z8: 24 | AA8: 25 | AB8: 26 | AC8: 27 | AD8: 28 | AE8: 29 | AF8: 30 | AH8: Total de días
B9: Alan Martin Bracamonte Dzib | I9: F | J9: F | P9: F | Q9: F | W9: F | X9: F | AD9: F | AE9: F | AH9: =COUNTA(Junio[[#This Row],[1]:[ ]]) -> #ERROR!
B10: Angel Jafet Puc Uch | I10: F | J10: F | P10: F | Q10: F | W10: F | X10: F | AD10: F | AE10: F | AH10: =COUNTA(Junio[[#This Row],[1]:[ ]]) -> #ERROR!
B11: Ingrid Abigail Can Catzin | I11: F | J11: F | P11: F | Q11: F | W11: F | X11: F | AD11: F | AE11: F | AH11: =COUNTA(Junio[[#This Row],[1]:[ ]]) -> #ERROR!
B12: Alejandro Emmanuel Quintal Moo | I12: F | J12: F | P12: F | Q12: F | W12: F | X12: F | AD12: F | AE12: F | AH12: =COUNTA(Junio[[#This Row],[1]:[ ]]) -> #ERROR!
B13: Maximiliano Montoya De La Cruz | I13: F | J13: F | P13: F | Q13: F | W13: F | X13: F | AD13: F | AE13: F | AH13: =COUNTA(Junio[[#This Row],[1]:[ ]]) -> #ERROR!
B14: Numero de sprint | AH14: =SUBTOTAL(109,Junio[Total de días]) -> #ERROR!

Sheet Julio
B1: Cronograma de manejo de sprints
B2: Julio
B4: Claves | C4: F | D4: Fin de semana | G4: P | H4: Pausa | L4: Personalizado | P4: Personalizado | U4: Personalizado
C6: Horas trabajadas por dia de los sprints | AH6: =CalendarYear -> 2025
C7: =TEXT(WEEKDAY(DATE(CalendarYear,7,1),1),"ddd") -> Tue | D7: =TEXT(WEEKDAY(DATE(CalendarYear,7,2),1),"ddd") -> Wed | E7: =TEXT(WEEKDAY(DATE(CalendarYear,7,3),1),"ddd") -> Thu | F7: =TEXT(WEEKDAY(DATE(CalendarYear,7,4),1),"ddd") -> Fri | G7: =TEXT(WEEKDAY(DATE(CalendarYear,7,5),1),"ddd") -> Sat | H7: =TEXT(WEEKDAY(DATE(CalendarYear,7,6),1),"ddd") -> Sun | I7: =TEXT(WEEKDAY(DATE(CalendarYear,7,7),1),"ddd") -> Mon | J7: =TEXT(WEEKDAY(DATE(CalendarYear,7,8),1),"ddd") -> Tue | K7: =TEXT(WEEKDAY(DATE(CalendarYear,7,9),1),"ddd") -> Wed | L7: =TEXT(WEEKDAY(DATE(CalendarYear,7,10),1),"ddd") -> Thu | M7: =TEXT(WEEKDAY(DATE(CalendarYear,7,11),1),"ddd") -> Fri | N7: =TEXT(WEEKDAY(DATE(CalendarYear,7,12),1),"ddd") -> Sat | O7: =TEXT(WEEKDAY(DATE(CalendarYear,7,13),1),"ddd") -> Sun | P7: =TEXT(WEEKDAY(DATE(CalendarYear,7,14),1),"ddd") -> Mon | Q7: =TEXT(WEEKDAY(DATE(CalendarYear,7,15),1),"ddd") -> Tue | R7: =TEXT(WEEKDAY(DATE(CalendarYear,7,16),1),"ddd") -> Wed | S7: =TEXT(WEEKDAY(DATE(CalendarYear,7,17),1),"ddd") -> Thu | T7: =TEXT(WEEKDAY(DATE(CalendarYear,7,18),1),"ddd") -> Fri | U7: =TEXT(WEEKDAY(DATE(CalendarYear,7,19),1),"ddd") -> Sat | V7: =TEXT(WEEKDAY(DATE(CalendarYear,7,20),1),"ddd") -> Sun | W7: =TEXT(WEEKDAY(DATE(CalendarYear,7,21),1),"ddd") -> Mon | X7: =TEXT(WEEKDAY(DATE(CalendarYear,7,22),1),"ddd") -> Tue | Y7: =TEXT(WEEKDAY(DATE(CalendarYear,7,23),1),"ddd") -> Wed | Z7: =TEXT(WEEKDAY(DATE(CalendarYear,7,24),1),"ddd") -> Thu | AA7: =TEXT(WEEKDAY(DATE(CalendarYear,7,25),1),"ddd") -> Fri | AB7: =TEXT(WEEKDAY(DATE(CalendarYear,7,26),1),"ddd") -> Sat | AC7: =TEXT(WEEKDAY(DATE(CalendarYear,7,27),1),"ddd") -> Sun | AD7: =TEXT(WEEKDAY(DATE(CalendarYear,7,28),1),"ddd") -> Mon | AE7: =TEXT(WEEKDAY(DATE(CalendarYear,7,29),1),"ddd") -> Tue | AF7: =TEXT(WEEKDAY(DATE(CalendarYear,7,30),1),"ddd") -> Wed | AG7: =TEXT(WEEKDAY(DATE(CalendarYear,7,31),1),"ddd") -> Thu
B8: Nombre de los integrantes | C8: 1 | D8: 2 | E8: 3 | F8: 4 | G8: 5 | H8: 6 | I8: 7 | J8: 8 | K8: 9 | L8: 10 | M8: 11 | N8: 12 | O8: 13 | P8: 14 | Q8: 15 | R8: 16 | S8: 17 | T8: 18 | U8: 19 | V8: 20 | W8: 21 | X8: 22 | Y8: 23 | Z8: 24 | AA8: 25 | AB8: 26 | AC8: 27 | AD8: 28 | AE8: 29 | AF8: 30 | AG8: 31 | AH8: Total de días
B9: Alan Martin Bracamonte Dzib | G9: F | H9: F | N9: F | O9: F | U9: F | V9: F | AB9: F | AC9: F | AH9: =COUNTA(Julio[[#This Row],[1]:[31]]) -> #ERROR!
B10: Angel Jafet Puc Uch | G10: F | H10: F | N10: F | O10: F | U10: F | V10: F | AB10: F | AC10: F | AH10: =COUNTA(Julio[[#This Row],[1]:[31]]) -> #ERROR!
B11: Ingrid Abigail Can Catzin | G11: F | H11: F | N11: F | O11: F | U11: F | V11: F | AB11: F | AC11: F | AH11: =COUNTA(Julio[[#This Row],[1]:[31]]) -> #ERROR!
B12: Alejandro Emmanuel Quintal Moo | G12: F | H12: F | N12: F | O12: F | U12: F | V12: F | AB12: F | AC12: F | AH12: =COUNTA(Julio[[#This Row],[1]:[31]]) -> #ERROR!
B13: Maximiliano Montoya De La Cruz | G13: F | H13: F | N13: F | O13: F | U13: F | V13: F | AB13: F | AC13: F | AH13: =COUNTA(Julio[[#This Row],[1]:[31]]) -> #ERROR!
B14: Numero de sprint | AH14: =SUBTOTAL(109,Julio[Total de días]) -> #ERROR!

Sheet Agosto
B1: Cronograma de manejo de sprints
B2: Agosto
B4: Claves | C4: F | D4: Fin de semana | G4: P | H4: Pausa | L4: Personalizado | P4: Personalizado | U4: Personalizado
C6: Horas trabajadas por dia de los sprints | AH6: =CalendarYear -> 2025
C7: =TEXT(WEEKDAY(DATE(CalendarYear,8,1),1),"ddd") -> Fri | D7: =TEXT(WEEKDAY(DATE(CalendarYear,8,2),1),"ddd") -> Sat | E7: =TEXT(WEEKDAY(DATE(CalendarYear,8,3),1),"ddd") -> Sun | F7: =TEXT(WEEKDAY(DATE(CalendarYear,8,4),1),"ddd") -> Mon | G7: =TEXT(WEEKDAY(DATE(CalendarYear,8,5),1),"ddd") -> Tue | H7: =TEXT(WEEKDAY(DATE(CalendarYear,8,6),1),"ddd") -> Wed | I7: =TEXT(WEEKDAY(DATE(CalendarYear,8,7),1),"ddd") -> Thu | J7: =TEXT(WEEKDAY(DATE(CalendarYear,8,8),1),"ddd") -> Fri | K7: =TEXT(WEEKDAY(DATE(CalendarYear,8,9),1),"ddd") -> Sat | L7: =TEXT(WEEKDAY(DATE(CalendarYear,8,10),1),"ddd") -> Sun | M7: =TEXT(WEEKDAY(DATE(CalendarYear,8,11),1),"ddd") -> Mon | N7: =TEXT(WEEKDAY(DATE(CalendarYear,8,12),1),"ddd") -> Tue | O7: =TEXT(WEEKDAY(DATE(CalendarYear,8,13),1),"ddd") -> Wed | P7: =TEXT(WEEKDAY(DATE(CalendarYear,8,14),1),"ddd") -> Thu | Q7: =TEXT(WEEKDAY(DATE(CalendarYear,8,15),1),"ddd") -> Fri | R7: =TEXT(WEEKDAY(DATE(CalendarYear,8,16),1),"ddd") -> Sat | S7: =TEXT(WEEKDAY(DATE(CalendarYear,8,17),1),"ddd") -> Sun | T7: =TEXT(WEEKDAY(DATE(CalendarYear,8,18),1),"ddd") -> Mon | U7: =TEXT(WEEKDAY(DATE(CalendarYear,8,19),1),"ddd") -> Tue | V7: =TEXT(WEEKDAY(DATE(CalendarYear,8,20),1),"ddd") -> Wed | W7: =TEXT(WEEKDAY(DATE(CalendarYear,8,21),1),"ddd") -> Thu | X7: =TEXT(WEEKDAY(DATE(CalendarYear,8,22),1),"ddd") -> Fri | Y7: =TEXT(WEEKDAY(DATE(CalendarYear,8,23),1),"ddd") -> Sat | Z7: =TEXT(WEEKDAY(DATE(CalendarYear,8,24),1),"ddd") -> Sun | AA7: =TEXT(WEEKDAY(DATE(CalendarYear,8,25),1),"ddd") -> Mon | AB7: =TEXT(WEEKDAY(DATE(CalendarYear,8,26),1),"ddd") -> Tue | AC7: =TEXT(WEEKDAY(DATE(CalendarYear,8,27),1),"ddd") -> Wed | AD7: =TEXT(WEEKDAY(DATE(CalendarYear,8,28),1),"ddd") -> Thu | AE7: =TEXT(WEEKDAY(DATE(CalendarYear,8,29),1),"ddd") -> Fri | AF7: =TEXT(WEEKDAY(DATE(CalendarYear,8,30),1),"ddd") -> Sat | AG7: =TEXT(WEEKDAY(DATE(CalendarYear,8,31),1),"ddd") -> Sun
B8: Nombre de los integrantes | C8: 1 | D8: 2 | E8: 3 | F8: 4 | G8: 5 | H8: 6 | I8: 7 | J8: 8 | K8: 9 | L8: 10 | M8: 11 | N8: 12 | O8: 13 | P8: 14 | Q8: 15 | R8: 16 | S8: 17 | T8: 18 | U8: 19 | V8: 20 | W8: 21 | X8: 22 | Y8: 23 | Z8: 24 | AA8: 25 | AB8: 26 | AC8: 27 | AD8: 28 | AE8: 29 | AF8: 30 | AG8: 31 | AH8: Total de días
B9: Alan Martin Bracamonte Dzib | D9: F | E9: F | K9: F | L9: F | R9: F | S9: F | Y9: F | Z9: F | AF9: F | AG9: F | AH9: =COUNTA(Agosto[[#This Row],[1]:[31]]) -> #ERROR!
B10: Angel Jafet Puc Uch | D10: F | E10: F | K10: F | L10: F | R10: F | S10: F | Y10: F | Z10: F | AF10: F | AG10: F | AH10: =COUNTA(Agosto[[#This Row],[1]:[31]]) -> #ERROR!
B11: Ingrid Abigail Can Catzin | D11: F | E11: F | K11: F | L11: F | R11: F | S11: F | Y11: F | Z11: F | AF11: F | AG11: F | AH11: =COUNTA(Agosto[[#This Row],[1]:[31]]) -> #ERROR!
B12: Alejandro Emmanuel Quintal Moo | D12: F | E12: F | K12: F | L12: F | R12: F | S12: F | Y12: F | Z12: F | AF12: F | AG12: F | AH12: =COUNTA(Agosto[[#This Row],[1]:[31]]) -> #ERROR!
B13: Maximiliano Montoya De La Cruz | D13: F | E13: F | K13: F | L13: F | R13: F | S13: F | Y13: F | Z13: F | AF13: F | AG13: F | AH13: =COUNTA(Agosto[[#This Row],[1]:[31]]) -> #ERROR!
B14: Numero de sprint | AH14: =SUBTOTAL(109,Agosto[Total de días]) -> #ERROR!

Sheet Septiembre
B1: Cronograma de manejo de sprints
B2: Septiembre
B4: Claves | C4: F | D4: Fin de semana | G4: P | H4: Pausa | L4: Personalizado | P4: Personalizado | U4: Personalizado
C6: Horas trabajadas por dia de los sprints | AH6: =CalendarYear -> 2025
C7: =TEXT(WEEKDAY(DATE(CalendarYear,9,1),1),"ddd") -> Mon | D7: =TEXT(WEEKDAY(DATE(CalendarYear,9,2),1),"ddd") -> Tue | E7: =TEXT(WEEKDAY(DATE(CalendarYear,9,3),1),"ddd") -> Wed | F7: =TEXT(WEEKDAY(DATE(CalendarYear,9,4),1),"ddd") -> Thu | G7: =TEXT(WEEKDAY(DATE(CalendarYear,9,5),1),"ddd") -> Fri | H7: =TEXT(WEEKDAY(DATE(CalendarYear,9,6),1),"ddd") -> Sat | I7: =TEXT(WEEKDAY(DATE(CalendarYear,9,7),1),"ddd") -> Sun | J7: =TEXT(WEEKDAY(DATE(CalendarYear,9,8),1),"ddd") -> Mon | K7: =TEXT(WEEKDAY(DATE(CalendarYear,9,9),1),"ddd") -> Tue | L7: =TEXT(WEEKDAY(DATE(CalendarYear,9,10),1),"ddd") -> Wed | M7: =TEXT(WEEKDAY(DATE(CalendarYear,9,11),1),"ddd") -> Thu | N7: =TEXT(WEEKDAY(DATE(CalendarYear,9,12),1),"ddd") -> Fri | O7: =TEXT(WEEKDAY(DATE(CalendarYear,9,13),1),"ddd") -> Sat | P7: =TEXT(WEEKDAY(DATE(CalendarYear,9,14),1),"ddd") -> Sun | Q7: =TEXT(WEEKDAY(DATE(CalendarYear,9,15),1),"ddd") -> Mon | R7: =TEXT(WEEKDAY(DATE(CalendarYear,9,16),1),"ddd") -> Tue | S7: =TEXT(WEEKDAY(DATE(CalendarYear,9,17),1),"ddd") -> Wed | T7: =TEXT(WEEKDAY(DATE(CalendarYear,9,18),1),"ddd") -> Thu | U7: =TEXT(WEEKDAY(DATE(CalendarYear,9,19),1),"ddd") -> Fri | V7: =TEXT(WEEKDAY(DATE(CalendarYear,9,20),1),"ddd") -> Sat | W7: =TEXT(WEEKDAY(DATE(CalendarYear,9,21),1),"ddd") -> Sun | X7: =TEXT(WEEKDAY(DATE(CalendarYear,9,22),1),"ddd") -> Mon | Y7: =TEXT(WEEKDAY(DATE(CalendarYear,9,23),1),"ddd") -> Tue | Z7: =TEXT(WEEKDAY(DATE(CalendarYear,9,24),1),"ddd") -> Wed | AA7: =TEXT(WEEKDAY(DATE(CalendarYear,9,25),1),"ddd") -> Thu | AB7: =TEXT(WEEKDAY(DATE(CalendarYear,9,26),1),"ddd") -> Fri | AC7: =TEXT(WEEKDAY(DATE(CalendarYear,9,27),1),"ddd") -> Sat | AD7: =TEXT(WEEKDAY(DATE(CalendarYear,9,28),1),"ddd") -> Sun | AE7: =TEXT(WEEKDAY(DATE(CalendarYear,9,29),1),"ddd") -> Mon | AF7: =TEXT(WEEKDAY(DATE(CalendarYear,9,30),1),"ddd") -> Tue
B8: Nombre de los integrantes | C8: 1 | D8: 2 | E8: 3 | F8: 4 | G8: 5 | H8: 6 | I8: 7 | J8: 8 | K8: 9 | L8: 10 | M8: 11 | N8: 12 | O8: 13 | P8: 14 | Q8: 15 | R8: 16 | S8: 17 | T8: 18 | U8: 19 | V8: 20 | W8: 21 | X8: 22 | Y8: 23 | Z8: 24 | AA8: 25 | AB8: 26 | AC8: 27 | AD8: 28 | AE8: 29 | AF8: 30 | AH8: Total de horas
B9: Alan Martin Bracamonte Dzib | H9: F | I9: F | O9: F | P9: F | V9: F | W9: F | AC9: F | AD9: F | AH9: =SUM(Septiembre[[#This Row],[1]:[ ]]) -> #ERROR!
B10: Angel Jafet Puc Uch | H10: F | I10: F | O10: F | P10: F | V10: F | W10: F | AC10: F | AD10: F | AH10: =SUM(Septiembre[[#This Row],[1]:[ ]]) -> #ERROR!
B11: Ingrid Abigail Can Catzin | H11: F | I11: F | O11: F | P11: F | V11: F | W11: F | AC11: F | AD11: F | AH11: =SUM(Septiembre[[#This Row],[1]:[ ]]) -> #ERROR!
B12: Alejandro Emmanuel Quintal Moo | H12: F | I12: F | O12: F | P12: F | V12: F | W12: F | AC12: F | AD12: F | AH12: =SUM(Septiembre[[#This Row],[1]:[ ]]) -> #ERROR!
B13: Maximiliano Montoya De La Cruz | H13: F | I13: F | O13: F | P13: F | V13: F | W13: F | AC13: F | AD13: F | AH13: =SUM(Septiembre[[#This Row],[1]:[ ]]) -> #ERROR!
B14: Numero de sprint | AH14: =SUBTOTAL(109,Septiembre[Total de horas]) -> #ERROR!

Sheet Octubre
B1: Cronograma de manejo de sprints
B2: Octubre
B4: Claves | C4: F | D4: Fin de semana | G4: P | H4: Pausa | L4: Personalizado | P4: Personalizado | U4: Personalizado
C6: Horas trabajadas por dia de los sprints | AH6: =CalendarYear -> 2025
C7: =TEXT(WEEKDAY(DATE(CalendarYear,10,1),1),"ddd") -> Wed | D7: =TEXT(WEEKDAY(DATE(CalendarYear,10,2),1),"ddd") -> Thu | E7: =TEXT(WEEKDAY(DATE(CalendarYear,10,3),1),"ddd") -> Fri | F7: =TEXT(WEEKDAY(DATE(CalendarYear,10,4),1),"ddd") -> Sat | G7: =TEXT(WEEKDAY(DATE(CalendarYear,10,5),1),"ddd") -> Sun | H7: =TEXT(WEEKDAY(DATE(CalendarYear,10,6),1),"ddd") -> Mon | I7: =TEXT(WEEKDAY(DATE(CalendarYear,10,7),1),"ddd") -> Tue | J7: =TEXT(WEEKDAY(DATE(CalendarYear,10,8),1),"ddd") -> Wed | K7: =TEXT(WEEKDAY(DATE(CalendarYear,10,9),1),"ddd") -> Thu | L7: =TEXT(WEEKDAY(DATE(CalendarYear,10,10),1),"ddd") -> Fri | M7: =TEXT(WEEKDAY(DATE(CalendarYear,10,11),1),"ddd") -> Sat | N7: =TEXT(WEEKDAY(DATE(CalendarYear,10,12),1),"ddd") -> Sun | O7: =TEXT(WEEKDAY(DATE(CalendarYear,10,13),1),"ddd") -> Mon | P7: =TEXT(WEEKDAY(DATE(CalendarYear,10,14),1),"ddd") -> Tue | Q7: =TEXT(WEEKDAY(DATE(CalendarYear,10,15),1),"ddd") -> Wed | R7: =TEXT(WEEKDAY(DATE(CalendarYear,10,16),1),"ddd") -> Thu | S7: =TEXT(WEEKDAY(DATE(CalendarYear,10,17),1),"ddd") -> Fri | T7: =TEXT(WEEKDAY(DATE(CalendarYear,10,18),1),"ddd") -> Sat | U7: =TEXT(WEEKDAY(DATE(CalendarYear,10,19),1),"ddd") -> Sun | V7: =TEXT(WEEKDAY(DATE(CalendarYear,10,20),1),"ddd") -> Mon | W7: =TEXT(WEEKDAY(DATE(CalendarYear,10,21),1),"ddd") -> Tue | X7: =TEXT(WEEKDAY(DATE(CalendarYear,10,22),1),"ddd") -> Wed | Y7: =TEXT(WEEKDAY(DATE(CalendarYear,10,23),1),"ddd") -> Thu | Z7: =TEXT(WEEKDAY(DATE(CalendarYear,10,24),1),"ddd") -> Fri | AA7: =TEXT(WEEKDAY(DATE(CalendarYear,10,25),1),"ddd") -> Sat | AB7: =TEXT(WEEKDAY(DATE(CalendarYear,10,26),1),"ddd") -> Sun | AC7: =TEXT(WEEKDAY(DATE(CalendarYear,10,27),1),"ddd") -> Mon | AD7: =TEXT(WEEKDAY(DATE(CalendarYear,10,28),1),"ddd") -> Tue | AE7: =TEXT(WEEKDAY(DATE(CalendarYear,10,29),1),"ddd") -> Wed | AF7: =TEXT(WEEKDAY(DATE(CalendarYear,10,30),1),"ddd") -> Thu | AG7: =TEXT(WEEKDAY(DATE(CalendarYear,10,31),1),"ddd") -> Fri
B8: Nombre de los integrantes | C8: 1 | D8: 2 | E8: 3 | F8: 4 | G8: 5 | H8: 6 | I8: 7 | J8: 8 | K8: 9 | L8: 10 | M8: 11 | N8: 12 | O8: 13 | P8: 14 | Q8: 15 | R8: 16 | S8: 17 | T8: 18 | U8: 19 | V8: 20 | W8: 21 | X8: 22 | Y8: 23 | Z8: 24 | AA8: 25 | AB8: 26 | AC8: 27 | AD8: 28 | AE8: 29 | AF8: 30 | AG8: 31 | AH8: Total de horas
B9: Alan Martin Bracamonte Dzib | F9: F | G9: F | H9: 0 | I9: 0 | J9: 1 | K9: 0 | L9: 1 | M9: F | N9: F | O9: 0 | P9: 1 | Q9: 1 | R9: 3 | S9: 1 | T9: F | U9: F | V9: 0 | W9: 0 | X9: 0 | Y9: 2 | Z9: 0 | AA9: F | AB9: F | AC9: P | AD9: P | AE9: P | AF9: P | AG9: P | AH9: =SUM(Octubre[[#This Row],[1]:[31]]) -> #ERROR!
B10: Angel Jafet Puc Uch | F10: F | G10: F | H10: 0 | I10: 0 | J10: 0 | K10: 0 | L10: 1 | M10: F | N10: F | O10: 0 | P10: 0 | Q10: 3 | R10: 0 | S10: 2 | T10: F | U10: F | V10: 1 | W10: 0 | X10: 0 | Y10: 1 | Z10: 1 | AA10: F | AB10: F | AC10: P | AD10: P | AE10: P | AF10: P | AG10: P | AH10: =SUM(Octubre[[#This Row],[1]:[31]]) -> #ERROR!
B11: Ingrid Abigail Can Catzin | F11: F | G11: F | H11: 0 | I11: 0 | J11: 1 | K11: 1 | L11: 0 | M11: F | N11: F | O11: 1 | P11: 1 | Q11: 0 | R11: 0 | S11: 3 | T11: F | U11: F | V11: 0 | W11: 1 | X11: 0 | Y11: 1 | Z11: 0 | AA11: F | AB11: F | AC11: P | AD11: P | AE11: P | AF11: P | AG11: P | AH11: =SUM(Octubre[[#This Row],[1]:[31]]) -> #ERROR!
B12: Alejandro Emmanuel Quintal Moo | F12: F | G12: F | H12: 0 | I12: 0 | J12: 0 | K12: 0 | L12: 4 | M12: F | N12: F | O12: 1 | P12: 1 | Q12: 0 | R12: 2 | S12: 0 | T12: F | U12: F | V12: 0 | W12: 0 | X12: 0 | Y12: 1 | Z12: 1 | AA12: F | AB12: F | AC12: P | AD12: P | AE12: P | AF12: P | AG12: P | AH12: =SUM(Octubre[[#This Row],[1]:[31]]) -> #ERROR!
B13: Maximiliano Montoya De La Cruz | F13: F | G13: F | H13: 0 | I13: 0 | J13: 1 | K13: 1 | L13: 0 | M13: F | N13: F | O13: 3 | P13: 1 | Q13: 0 | R13: 0 | S13: 2 | T13: F | U13: F | V13: 1 | W13: 0 | X13: 0 | Y13: 0 | Z13: 1 | AA13: F | AB13: F | AC13: P | AD13: P | AE13: P | AF13: P | AG13: P | AH13: =SUM(Octubre[[#This Row],[1]:[31]]) -> #ERROR!
B14: Numero de sprint | H14: 1 | I14: 1 | J14: 1 | K14: 1 | L14: 1 | O14: 2 | P14: 2 | Q14: 2 | R14: 2 | S14: 2 | V14: 3 | W14: 3 | X14: 3 | Y14: 3 | Z14: 3 | AC14: 4 | AD14: 4 | AE14: 4 | AF14: 4 | AG14: 4 | AH14: =SUBTOTAL(109,Octubre[Total de horas]) -> #ERROR!

Sheet Noviembre
B1: Cronograma de manejo de sprints
B2: Noviembre
B4: Claves | C4: F | D4: Fin de semana | G4: P | H4: Pausa | L4: Personalizado | P4: Personalizado | U4: Personalizado
C6: Horas trabajadas por dia de los sprints | AH6: =CalendarYear -> 2025
C7: =TEXT(WEEKDAY(DATE(CalendarYear,11,1),1),"ddd") -> Sat | D7: =TEXT(WEEKDAY(DATE(CalendarYear,11,2),1),"ddd") -> Sun | E7: =TEXT(WEEKDAY(DATE(CalendarYear,11,3),1),"ddd") -> Mon | F7: =TEXT(WEEKDAY(DATE(CalendarYear,11,4),1),"ddd") -> Tue | G7: =TEXT(WEEKDAY(DATE(CalendarYear,11,5),1),"ddd") -> Wed | H7: =TEXT(WEEKDAY(DATE(CalendarYear,11,6),1),"ddd") -> Thu | I7: =TEXT(WEEKDAY(DATE(CalendarYear,11,7),1),"ddd") -> Fri | J7: =TEXT(WEEKDAY(DATE(CalendarYear,11,8),1),"ddd") -> Sat | K7: =TEXT(WEEKDAY(DATE(CalendarYear,11,9),1),"ddd") -> Sun | L7: =TEXT(WEEKDAY(DATE(CalendarYear,11,10),1),"ddd") -> Mon | M7: =TEXT(WEEKDAY(DATE(CalendarYear,11,11),1),"ddd") -> Tue | N7: =TEXT(WEEKDAY(DATE(CalendarYear,11,12),1),"ddd") -> Wed | O7: =TEXT(WEEKDAY(DATE(CalendarYear,11,13),1),"ddd") -> Thu | P7: =TEXT(WEEKDAY(DATE(CalendarYear,11,14),1),"ddd") -> Fri | Q7: =TEXT(WEEKDAY(DATE(CalendarYear,11,15),1),"ddd") -> Sat | R7: =TEXT(WEEKDAY(DATE(CalendarYear,11,16),1),"ddd") -> Sun | S7: =TEXT(WEEKDAY(DATE(CalendarYear,11,17),1),"ddd") -> Mon | T7: =TEXT(WEEKDAY(DATE(CalendarYear,11,18),1),"ddd") -> Tue | U7: =TEXT(WEEKDAY(DATE(CalendarYear,11,19),1),"ddd") -> Wed | V7: =TEXT(WEEKDAY(DATE(CalendarYear,11,20),1),"ddd") -> Thu | W7: =TEXT(WEEKDAY(DATE(CalendarYear,11,21),1),"ddd") -> Fri | X7: =TEXT(WEEKDAY(DATE(CalendarYear,11,22),1),"ddd") -> Sat | Y7: =TEXT(WEEKDAY(DATE(CalendarYear,11,23),1),"ddd") -> Sun | Z7: =TEXT(WEEKDAY(DATE(CalendarYear,11,24),1),"ddd") -> Mon | AA7: =TEXT(WEEKDAY(DATE(CalendarYear,11,25),1),"ddd") -> Tue | AB7: =TEXT(WEEKDAY(DATE(CalendarYear,11,26),1),"ddd") -> Wed | AC7: =TEXT(WEEKDAY(DATE(CalendarYear,11,27),1),"ddd") -> Thu | AD7: =TEXT(WEEKDAY(DATE(CalendarYear,11,28),1),"ddd") -> Fri | AE7: =TEXT(WEEKDAY(DATE(CalendarYear,11,29),1),"ddd") -> Sat | AF7: =TEXT(WEEKDAY(DATE(CalendarYear,11,30),1),"ddd") -> Sun
B8: Nombre de los integrantes | C8: 1 | D8: 2 | E8: 3 | F8: 4 | G8: 5 | H8: 6 | I8: 7 | J8: 8 | K8: 9 | L8: 10 | M8: 11 | N8: 12 | O8: 13 | P8: 14 | Q8: 15 | R8: 16 | S8: 17 | T8: 18 | U8: 19 | V8: 20 | W8: 21 | X8: 22 | Y8: 23 | Z8: 24 | AA8: 25 | AB8: 26 | AC8: 27 | AD8: 28 | AE8: 29 | AF8: 30 | AH8: Total de horas
B9: Alan Martin Bracamonte Dzib | C9: F | D9: F | E9: 1 | F9: 0 | G9: 1 | H9: 0 | I9: 0 | J9: F | K9: F | Q9: F | R9: F | X9: F | Y9: F | AE9: F | AF9: F | AH9: =SUM(Noviembre[[#This Row],[1]:[ ]]) -> #ERROR!
B10: Angel Jafet Puc Uch | C10: F | D10: F | E10: 2 | F10: 0 | G10: 0 | H10: 0 | I10: 0 | J10: F | K10: F | Q10: F | R10: F | X10: F | Y10: F | AE10: F | AF10: F | AH10: =SUM(Noviembre[[#This Row],[1]:[ ]]) -> #ERROR!
B11: Ingrid Abigail Can Catzin | C11: F | D11: F | E11: 0 | F11: 1 | G11: 1 | H11: 0 | I11: 0 | J11: F | K11: F | Q11: F | R11: F | X11: F | Y11: F | AE11: F | AF11: F | AH11: =SUM(Noviembre[[#This Row],[1]:[ ]]) -> #ERROR!
B12: Alejandro Emmanuel Quintal Moo | C12: F | D12: F | E12: 0 | F12: 0 | G12: 0 | H12: 0 | I12: 3 | J12: F | K12: F | Q12: F | R12: F | X12: F | Y12: F | AE12: F | AF12: F | AH12: =SUM(Noviembre[[#This Row],[1]:[ ]]) -> #ERROR!
B13: Maximiliano Montoya De La Cruz | C13: F | D13: F | E13: 0 | F13: 0 | G13: 2 | H13: 1 | I13: 0 | J13: F | K13: F | Q13: F | R13: F | X13: F | Y13: F | AE13: F | AF13: F | AH13: =SUM(Noviembre[[#This Row],[1]:[ ]]) -> #ERROR!
B14: Numero de sprint | E14: 4 | F14: 4 | G14: 4 | H14: 4 | I14: 4 | AH14: =SUBTOTAL(109,Noviembre[Total de horas]) -> #ERROR!

Sheet Diciembre
B1: Cronograma de manejo de sprints
B2: Diciembre
B4: Claves | C4: F | D4: Fin de semana | G4: P | H4: Pausa | L4: Personalizado | P4: Personalizado | U4: Personalizado
C6: Fechas de los sprints | AH6: =CalendarYear -> 2025
C7: =TEXT(WEEKDAY(DATE(CalendarYear,12,1),1),"ddd") -> Mon | D7: =TEXT(WEEKDAY(DATE(CalendarYear,12,2),1),"ddd") -> Tue | E7: =TEXT(WEEKDAY(DATE(CalendarYear,12,3),1),"ddd") -> Wed | F7: =TEXT(WEEKDAY(DATE(CalendarYear,12,4),1),"ddd") -> Thu | G7: =TEXT(WEEKDAY(DATE(CalendarYear,12,5),1),"ddd") -> Fri | H7: =TEXT(WEEKDAY(DATE(CalendarYear,12,6),1),"ddd") -> Sat | I7: =TEXT(WEEKDAY(DATE(CalendarYear,12,7),1),"ddd") -> Sun | J7: =TEXT(WEEKDAY(DATE(CalendarYear,12,8),1),"ddd") -> Mon | K7: =TEXT(WEEKDAY(DATE(CalendarYear,12,9),1),"ddd") -> Tue | L7: =TEXT(WEEKDAY(DATE(CalendarYear,12,10),1),"ddd") -> Wed | M7: =TEXT(WEEKDAY(DATE(CalendarYear,12,11),1),"ddd") -> Thu | N7: =TEXT(WEEKDAY(DATE(CalendarYear,12,12),1),"ddd") -> Fri | O7: =TEXT(WEEKDAY(DATE(CalendarYear,12,13),1),"ddd") -> Sat | P7: =TEXT(WEEKDAY(DATE(CalendarYear,12,14),1),"ddd") -> Sun | Q7: =TEXT(WEEKDAY(DATE(CalendarYear,12,15),1),"ddd") -> Mon | R7: =TEXT(WEEKDAY(DATE(CalendarYear,12,16),1),"ddd") -> Tue | S7: =TEXT(WEEKDAY(DATE(CalendarYear,12,17),1),"ddd") -> Wed | T7: =TEXT(WEEKDAY(DATE(CalendarYear,12,18),1),"ddd") -> Thu | U7: =TEXT(WEEKDAY(DATE(CalendarYear,12,19),1),"ddd") -> Fri | V7: =TEXT(WEEKDAY(DATE(CalendarYear,12,20),1),"ddd") -> Sat | W7: =TEXT(WEEKDAY(DATE(CalendarYear,12,21),1),"ddd") -> Sun | X7: =TEXT(WEEKDAY(DATE(CalendarYear,12,22),1),"ddd") -> Mon | Y7: =TEXT(WEEKDAY(DATE(CalendarYear,12,23),1),"ddd") -> Tue | Z7: =TEXT(WEEKDAY(DATE(CalendarYear,12,24),1),"ddd") -> Wed | AA7: =TEXT(WEEKDAY(DATE(CalendarYear,12,25),1),"ddd") -> Thu | AB7: =TEXT(WEEKDAY(DATE(CalendarYear,12,26),1),"ddd") -> Fri | AC7: =TEXT(WEEKDAY(DATE(CalendarYear,12,27),1),"ddd") -> Sat | AD7: =TEXT(WEEKDAY(DATE(CalendarYear,12,28),1),"ddd") -> Sun | AE7: =TEXT(WEEKDAY(DATE(CalendarYear,12,29),1),"ddd") -> Mon | AF7: =TEXT(WEEKDAY(DATE(CalendarYear,12,30),1),"ddd") -> Tue | AG7: =TEXT(WEEKDAY(DATE(CalendarYear,12,31),1),"ddd") -> Wed
B8: Nombre de los integrante | C8: 1 | D8: 2 | E8: 3 | F8: 4 | G8: 5 | H8: 6 | I8: 7 | J8: 8 | K8: 9 | L8: 10 | M8: 11 | N8: 12 | O8: 13 | P8: 14 | Q8: 15 | R8: 16 | S8: 17 | T8: 18 | U8: 19 | V8: 20 | W8: 21 | X8: 22 | Y8: 23 | Z8: 24 | AA8: 25 | AB8: 26 | AC8: 27 | AD8: 28 | AE8: 29 | AF8: 30 | AG8: 31 | AH8: Total de horas
B9: Alan Martin Bracamonte Dzib | H9: F | I9: F | O9: F | P9: F | V9: F | W9: F | AC9: F | AD9: F | AH9: =SUM(Diciembre[[#This Row],[1]:[31]]) -> #ERROR!
B10: Angel Jafet Puc Uch | H10: F | I10: F | O10: F | P10: F | V10: F | W10: F | AC10: F | AD10: F | AH10: =SUM(Diciembre[[#This Row],[1]:[31]]) -> #ERROR!
B11: Ingrid Abigail Can Catzin | H11: F | I11: F | O11: F | P11: F | V11: F | W11: F | AC11: F | AD11: F | AH11: =SUM(Diciembre[[#This Row],[1]:[31]]) -> #ERROR!
B12: Alejandro Emmanuel Quintal Moo | H12: F | I12: F | O12: F | P12: F | V12: F | W12: F | AC12: F | AD12: F | AH12: =SUM(Diciembre[[#This Row],[1]:[31]]) -> #ERROR!
B13: Maximiliano Montoya De La Cruz | H13: F | I13: F | O13: F | P13: F | V13: F | W13: F | AC13: F | AD13: F | AH13: =SUM(Diciembre[[#This Row],[1]:[31]]) -> #ERROR!
B14: Numero de sprint | AH14: =SUBTOTAL(109,Diciembre[Total de horas]) -> #ERROR!
